{"cameraMode":{"drawMode":0,"name":"Shaded","section":"Shading Mode"},"sceneLighting":false,"audioPlay":false,"sceneViewState":{"showFog":true,"showMaterialUpdate":false,"showSkybox":false,"showFlares":true,"showImageEffects":true,"showParticleSystems":true},"in2DMode":false,"pivot":{"x":1.090000033378601,"y":2.4525022506713869,"z":10.508413314819336},"rotation":{"x":0.31013914942741396,"y":0.13908614218235017,"z":-0.0459216944873333,"w":0.9393401145935059},"size":1.1267033815383912,"orthographic":false}