{"cameraMode":{"drawMode":0,"name":"Shaded","section":"Shading Mode"},"sceneLighting":false,"audioPlay":false,"sceneViewState":{"showFog":true,"showMaterialUpdate":false,"showSkybox":false,"showFlares":true,"showImageEffects":true,"showParticleSystems":true},"in2DMode":false,"pivot":{"x":0.08600001037120819,"y":2.4709999561309816,"z":10.079584121704102},"rotation":{"x":0.2362913191318512,"y":0.46378201246261599,"z":-0.1298546940088272,"w":0.8439261317253113},"size":1.0455970764160157,"orthographic":false}